City_ID,City,Country,Date,Lat,Lng,Max Temp,Humidity,Cloudiness,Wind Speed
0,Saint Anthony,US,3/2/21 22:54,45.0205,-93.218,48.2,53,1,13.8
1,Georgetown,MY,3/2/21 22:55,5.4112,100.3354,78.8,88,40,4.61
2,Rikitea,PF,3/2/21 22:51,-23.1203,-134.9692,78.08,69,68,0.81
3,Rabo De Peixe,PT,3/2/21 22:55,37.8,-25.5833,59,88,20,20.71
4,Punta Arenas,CL,3/2/21 22:55,-53.15,-70.9167,59,38,0,14.97
5,Ponta Do Sol,PT,3/2/21 22:52,32.6667,-17.1,55.99,62,55,5.01
6,Vaini,TO,3/2/21 22:52,-21.2,-175.2,73.4,94,90,12.66
7,Pangoa,PE,3/2/21 22:53,-12.1167,-73,73.69,87,94,1.72
8,Saldanha,ZA,3/2/21 22:55,-33.0117,17.9442,64.4,88,0,3.44
9,Yellowknife,CA,3/2/21 22:52,62.456,-114.3525,-2,71,75,11.5
10,Qasigiannguit,GL,3/2/21 22:55,68.8193,-51.1922,26.6,43,20,17.27
11,Grand Gaube,MU,3/2/21 22:55,-20.0064,57.6608,75.99,84,6,17.69
12,Magadan,RU,3/2/21 22:55,59.5667,150.8,-1.75,91,100,6.69
13,Iskateley,RU,3/2/21 22:55,67.6803,53.1512,9.95,96,22,2.93
14,Quimper,FR,3/2/21 22:55,48,-4.1,48.2,100,75,5.75
15,New Norfolk,AU,3/2/21 22:52,-42.7826,147.0587,57,65,77,1.99
16,Marang,MY,3/2/21 22:55,5.2056,103.2059,75.2,94,20,2.3
17,Tasiilaq,GL,3/2/21 22:55,65.6145,-37.6368,24.8,42,90,20.71
18,Barrow,US,3/2/21 22:54,71.2906,-156.7887,-18.4,63,90,12.66
19,Ushuaia,AR,3/2/21 22:51,-54.8,-68.3,53.6,54,40,11.5
20,Cayenne,GF,3/2/21 22:54,4.9333,-52.3333,73.4,94,90,9.62
21,Chuy,UY,3/2/21 22:52,-33.6971,-53.4616,72.88,88,32,11.81
22,Tuktoyaktuk,CA,3/2/21 22:55,69.4541,-133.0374,-11.2,64,75,4.61
23,Hermanus,ZA,3/2/21 22:55,-34.4187,19.2345,62.01,93,0,4.05
24,Darnah,LY,3/2/21 22:55,32.767,22.6367,54.32,66,16,18.7
25,Lorengau,PG,3/2/21 22:55,-2.0226,147.2712,82.85,80,100,11.25
26,Sorong,ID,3/2/21 22:55,-0.8833,131.25,78.64,82,100,15.64
27,San Patricio,US,3/2/21 22:55,28.017,-97.5169,69.8,35,40,11.5
28,Bay Roberts,CA,3/2/21 22:55,47.5999,-53.2648,33.01,91,79,1.01
29,Cape Town,ZA,3/2/21 22:55,-33.9258,18.4232,64.99,94,20,5.75
30,Mataura,NZ,3/2/21 22:55,-46.1927,168.8643,71.01,53,34,11.01
31,Kodiak,US,3/2/21 22:55,57.79,-152.4072,39.2,56,90,9.22
32,Kruisfontein,ZA,3/2/21 22:55,-34.0033,24.7314,69.01,92,79,4
33,Karakol,KG,3/2/21 22:55,42.4907,78.3936,27.77,81,86,3.4
34,Bredasdorp,ZA,3/2/21 22:55,-34.5322,20.0403,59,100,0,2.44
35,Den Helder,NL,3/2/21 22:55,52.9599,4.7593,41,100,0,4.61
36,Tungawan,PH,3/2/21 22:55,7.5081,122.3711,77.88,81,4,4.45
37,Talnakh,RU,3/2/21 22:55,69.4865,88.3972,-27.26,72,0,8.79
38,Atuona,PF,3/2/21 22:55,-9.8,-139.0333,80.4,72,11,13.04
39,Iquitos,PE,3/2/21 22:54,-3.7481,-73.2472,78.8,83,75,9.22
40,Chikwawa,MW,3/2/21 22:55,-16.0335,34.8009,72.68,87,66,0.51
41,Pierre,US,3/2/21 22:55,44.3683,-100.351,60.8,27,1,13.8
42,Albany,US,3/2/21 22:53,42.6001,-73.9662,23,37,0,8.88
43,Assai,BR,3/2/21 22:55,-23.3733,-50.8414,71.6,94,75,4.61
44,Norman Wells,CA,3/2/21 22:53,65.282,-126.8329,-13,64,75,10.36
45,Tilichiki,RU,3/2/21 22:55,60.4667,166.1,-10.8,86,40,6.51
46,Nikolskoye,RU,3/2/21 22:55,59.7035,30.7861,33.01,80,0,11.18
47,Husavik,IS,3/2/21 22:55,66.0449,-17.3389,33.8,80,90,11.5
48,Katangli,RU,3/2/21 22:55,51.7102,143.2326,-6.45,90,0,10.51
49,Hilo,US,3/2/21 22:55,19.7297,-155.09,73.4,73,90,5.75
50,Marawi,PH,3/2/21 22:55,7.9986,124.2928,73,88,66,7
51,Benicarlo,ES,3/2/21 22:55,40.4165,0.4271,48.99,96,100,7
52,Camalu,MX,3/2/21 22:55,30.85,-116.0667,73,1,0,10
53,Gravdal,NO,3/2/21 22:55,68.1214,13.5031,35.2,84,100,28.27
54,Portland,US,3/2/21 22:51,45.5234,-122.6762,55.99,58,75,10.36
55,Varnavino,RU,3/2/21 22:55,57.4035,45.0916,22.39,97,100,10.65
56,Busselton,AU,3/2/21 22:55,-33.65,115.3333,68,84,99,1.99
57,Grass Valley,US,3/2/21 22:55,39.2191,-121.0611,64.99,20,70,11.5
58,Codrington,AU,3/2/21 22:55,-38.2667,141.9667,57.07,61,100,9.19
59,Puerto Ayora,EC,3/2/21 22:56,-0.7393,-90.3518,84.2,70,40,9.22
60,Upernavik,GL,3/2/21 22:56,72.7868,-56.1549,17.94,79,100,4.99
61,San Cristobal,VE,3/2/21 22:56,7.7669,-72.225,82.4,57,40,9.22
62,Bathsheba,BB,3/2/21 22:56,13.2167,-59.5167,78.8,61,40,16.11
63,Bokhan,RU,3/2/21 22:56,53.153,103.7714,8.73,94,100,6.04
64,Port Hedland,AU,3/2/21 22:56,-20.3167,118.5667,80.6,83,90,16.11
65,Kapaa,US,3/2/21 22:56,22.0752,-159.319,75.2,64,40,21.85
66,Guerrero Negro,MX,3/2/21 22:56,27.9769,-114.0611,75.51,15,0,10.63
67,Cherskiy,RU,3/2/21 22:52,68.75,161.3,-30.1,92,38,0.94
68,Marzuq,YE,3/2/21 22:56,14.4,46.4667,60.12,45,0,4.36
69,Namibe,AO,3/2/21 22:54,-15.1961,12.1522,73,82,1,2.77
70,Kendari,ID,3/2/21 22:56,-3.945,122.4989,74.82,89,100,2.24
71,Lebu,CL,3/2/21 22:56,-37.6167,-73.65,60.64,74,52,15.9
72,Kahului,US,3/2/21 22:55,20.8947,-156.47,78.8,53,20,21.85
73,Atar,MR,3/2/21 22:56,20.5169,-13.0499,68.49,25,20,12.1
74,Beringovskiy,RU,3/2/21 22:52,63.05,179.3167,-14.13,78,0,8.75
75,Pisco,PE,3/2/21 22:54,-13.7,-76.2167,78.8,69,75,9.22
76,Port Hardy,CA,3/2/21 22:51,50.6996,-127.4199,44.6,70,90,4.61
77,Pirovskoye,RU,3/2/21 22:56,57.6267,92.2658,-20.36,87,33,5.7
78,Hithadhoo,MV,3/2/21 22:52,-0.6,73.0833,82.22,72,11,10.4
79,Vila Franca Do Campo,PT,3/2/21 22:56,37.7167,-25.4333,59,88,20,20.71
80,Fort Wellington,GY,3/2/21 22:56,6.4,-57.6,76.59,86,85,8.12
81,Nuevo Progreso,MX,3/2/21 22:56,23.1667,-97.95,73,66,57,8.01
82,Bonavista,CA,3/2/21 22:56,48.6499,-53.1147,32,93,93,6.91
83,Vestmannaeyjar,IS,3/2/21 22:56,63.4427,-20.2734,44.6,93,90,14.97
84,Port Alfred,ZA,3/2/21 22:56,-33.5906,26.891,68,93,56,3
85,Tena,EC,3/2/21 22:56,-0.9833,-77.8167,78.8,89,40,0.72
86,Matamoros,MX,3/2/21 22:56,25.5333,-103.25,69.8,23,1,7.05
87,Popondetta,PG,3/2/21 22:56,-8.7537,148.2534,85.32,69,100,0.16
88,Formosa Do Rio Preto,BR,3/2/21 22:56,-11.0483,-45.1931,71.13,92,60,1.12
89,Constitucion,CL,3/2/21 22:52,-35.3333,-72.4167,62.31,89,78,3.15
90,Boa Vista,BR,3/2/21 22:55,2.8197,-60.6733,86,48,0,4.61
91,Longyearbyen,SJ,3/2/21 22:56,78.2186,15.6401,8.6,61,0,14.97
92,Alofi,NU,3/2/21 22:56,-19.0595,-169.9187,84.2,74,75,6.91
93,Butaritari,KI,3/2/21 22:56,3.0707,172.7902,81,79,3,20.92
94,Carnarvon,AU,3/2/21 22:56,-24.8667,113.6333,71.6,100,90,11.5
95,Qaanaaq,GL,3/2/21 22:52,77.484,-69.3632,-0.2,58,91,9.71
96,Hofn,IS,3/2/21 22:51,64.2539,-15.2082,38.32,80,88,16.13
97,Batemans Bay,AU,3/2/21 22:56,-35.7167,150.1833,63,53,56,3
98,Kapit,MY,3/2/21 22:52,2.0167,112.9333,73,94,97,0.43
99,Saint-Philippe,RE,3/2/21 22:56,-21.3585,55.7679,77,69,0,4.61
100,Cabo San Lucas,MX,3/2/21 22:53,22.8909,-109.9124,75.99,49,40,9.22
101,Bayan,CN,3/2/21 22:56,46.0833,127.4,7.47,85,96,6.67
102,Victoria,HK,3/2/21 22:52,22.2855,114.1577,64.99,77,99,1.01
103,Khammam,IN,3/2/21 22:56,17.25,80.15,68.56,69,0,5.88
104,Yaremche,UA,3/2/21 22:56,48.4583,24.5519,30.99,93,0,4.7
105,Dongsheng,CN,3/2/21 22:55,39.8161,109.9776,29.3,45,0,11.59
106,Saint Cloud,US,3/2/21 22:56,45.5608,-94.1625,44.6,56,1,9.22
107,Provideniya,RU,3/2/21 22:56,64.3833,-173.3,-2.2,71,0,20.13
108,Jorhat,IN,3/2/21 22:56,26.75,94.2167,63.59,58,56,5.77
109,Luderitz,NA,3/2/21 22:52,-26.6481,15.1594,68.14,68,0,10.98
110,Ialibu,PG,3/2/21 22:56,-6.2821,143.9935,63.05,75,88,6.35
111,Kalmunai,LK,3/2/21 22:56,7.4167,81.8167,74.01,73,11,2.95
112,Ancud,CL,3/2/21 22:56,-41.8697,-73.8203,68,60,0,6.91
113,Bengkulu,ID,3/2/21 22:56,-3.8004,102.2655,74.95,88,94,5.28
114,Hobart,AU,3/2/21 22:52,-42.8794,147.3294,57.2,51,75,10.36
115,Svetlaya,RU,3/2/21 22:56,46.5389,138.3297,6.78,64,0,5.82
116,Jamestown,US,3/2/21 22:56,42.097,-79.2353,32,87,1,7.78
117,Dingle,PH,3/2/21 22:52,10.9995,122.6711,73.94,86,88,7.54
118,Cockburn Town,TC,3/2/21 22:56,21.4612,-71.1419,77,65,75,11.5
119,Yar-Sale,RU,3/2/21 22:56,66.8333,70.8333,7.65,95,100,15.86
120,Sibut,CF,3/2/21 22:56,5.718,19.0739,76.26,27,80,3.29
121,Kavieng,PG,3/2/21 22:53,-2.5744,150.7967,84.15,75,100,12.33
122,Clyde River,CA,3/2/21 22:53,70.4692,-68.5914,-5.8,84,90,11.5
123,Poya,NC,3/2/21 22:56,-21.35,165.15,83.61,63,77,5.23
124,Shahrud,IR,3/2/21 22:56,36.4182,54.9763,39.43,73,46,4.36
125,Camopi,GF,3/2/21 22:56,3.1655,-52.3158,72.7,97,99,2.44
126,East London,ZA,3/2/21 22:56,-33.0153,27.9116,76.77,66,80,8.28
127,Huilong,CN,3/2/21 22:56,31.8111,121.655,44.01,82,94,8.01
128,Davenport,US,3/2/21 22:56,41.5236,-90.5776,48.2,57,1,14.97
129,Lavrentiya,RU,3/2/21 22:56,65.5833,-171,-16.35,82,49,13.53
130,Basak,PH,3/2/21 22:56,6.7274,124.1512,72.36,87,10,4.52
131,La Ermita,MX,3/2/21 22:56,20.4139,-101.9936,86.7,14,0,12.1
132,Saskylakh,RU,3/2/21 22:56,71.9167,114.0833,-42.81,80,50,1.21
133,Cornwall,CA,3/2/21 22:54,45.0181,-74.7281,15.8,45,1,18.41
134,Avarua,CK,3/2/21 22:56,-21.2078,-159.775,84.2,74,75,6.91
135,Mount Isa,AU,3/2/21 22:56,-20.7333,139.5,89.6,22,94,11.5
136,Djambala,CG,3/2/21 22:56,-2.5447,14.7533,71.1,92,97,3.6
137,Lokosovo,RU,3/2/21 22:56,61.1333,74.8167,2.55,93,100,11.83
138,Komsomolskiy,UZ,3/2/21 22:56,40.4272,71.7189,44.6,57,100,4.61
139,Mwinilunga,ZM,3/2/21 22:56,-11.7358,24.4293,62.02,97,100,2.75
140,Kiranur,IN,3/2/21 22:56,10.5699,78.7868,68.65,83,0,2.77
141,Kaitangata,NZ,3/2/21 22:53,-46.2817,169.8464,69.01,76,84,1.66
142,Kijang,KR,3/2/21 22:56,35.2442,129.2139,30.2,86,0,4.61
143,Margate,GB,3/2/21 22:56,51.3813,1.3862,42.01,91,3,1.01
144,Zachepylivka,UA,3/2/21 22:56,49.1939,35.2394,35.24,86,98,15.99
145,Narsaq,GL,3/2/21 22:56,60.9167,-46.05,39.2,30,75,42.57
146,Cuamba,MZ,3/2/21 22:56,-14.8031,36.5372,66.97,96,75,4.56
147,Tervel,BG,3/2/21 22:56,43.75,27.4,39.99,74,30,11.54
148,Phangnga,TH,3/2/21 22:56,8.4509,98.5298,77,88,20,6.91
149,Ratnagiri,IN,3/2/21 22:56,16.9833,73.3,74.53,58,0,2.57
150,Fortuna,US,3/2/21 22:56,40.5982,-124.1573,64.99,61,14,1.99
151,Castro,BR,3/2/21 22:52,-24.7911,-50.0119,64.87,94,98,5.44
152,Torbay,CA,3/2/21 22:56,47.6666,-52.7314,33.01,93,20,13.8
153,Bluff,NZ,3/2/21 22:56,-46.6,168.3333,71.01,53,12,11.01
154,Vazhiny,RU,3/2/21 22:56,60.9644,34.0222,21.07,97,4,6.13
155,Chabahar,IR,3/2/21 22:56,25.2919,60.643,71.8,78,0,10.27
156,Srednekolymsk,RU,3/2/21 22:56,67.45,153.6833,-29.15,82,100,3.38
157,Ouesso,CG,3/2/21 22:52,1.6136,16.0517,77.97,69,82,3.78
158,Khatanga,RU,3/2/21 22:56,71.9667,102.5,-38.02,80,0,5.64
159,Ribeira Grande,PT,3/2/21 22:52,38.5167,-28.7,58.39,66,41,29.24
160,Asfi,MA,3/2/21 22:56,32.2994,-9.2372,57.36,84,0,15.1
161,Mar Del Plata,AR,3/2/21 22:56,-38.0023,-57.5575,72,94,75,9.22
162,Chitral,PK,3/2/21 22:56,35.8462,71.7858,39.36,61,55,5.84
163,Portobelo,PA,3/2/21 22:56,9.55,-79.65,82.99,99,48,12.82
164,Kurumkan,RU,3/2/21 22:56,54.3,110.3,-5.26,83,49,2.64
165,Kokkola,FI,3/2/21 22:54,63.8385,23.1307,37.4,65,0,11.5
166,Thompson,CA,3/2/21 22:56,55.7435,-97.8558,8.6,66,75,5.75
167,Winnemucca,US,3/2/21 22:56,40.973,-117.7357,57.2,21,1,8.05
168,Tromso,NO,3/2/21 22:56,69.6496,18.957,32,74,75,3.44
169,Dikson,RU,3/2/21 22:56,73.5069,80.5464,-25.42,80,0,7.72
170,Sioux Lookout,CA,3/2/21 22:56,50.1001,-91.917,37.4,60,75,10.36
171,Katsuura,JP,3/2/21 22:56,35.1333,140.3,43,39,20,26.46
172,Auki,SB,3/2/21 22:56,-8.7676,160.7034,80.8,81,86,7.72
173,Bethel,US,3/2/21 22:52,41.3712,-73.414,27,39,0,11.95
174,Goderich,CA,3/2/21 22:56,43.7501,-81.7165,28.4,64,0,20.71
175,Chokurdakh,RU,3/2/21 22:56,70.6333,147.9167,-27.33,86,96,6.08
176,Vydrino,RU,3/2/21 22:56,51.485,104.8461,11.39,92,34,2.01
177,Severo-Kurilsk,RU,3/2/21 22:52,50.6789,156.125,37.65,91,100,24.7
178,Mardin,TR,3/2/21 22:56,37.3131,40.7436,40.95,69,2,4.47
179,Myitkyina,MM,3/2/21 22:56,25.3833,97.4,60.98,67,15,1.92
180,Bilma,NE,3/2/21 22:52,18.6853,12.9164,70.38,20,8,7.87
181,Petropavlivka,UA,3/2/21 22:56,48.4564,36.4367,34.92,96,100,13.91
182,Todos Santos,MX,3/2/21 22:56,23.45,-110.2167,72,60,35,1.01
183,Paamiut,GL,3/2/21 22:53,61.994,-49.6678,30.24,85,98,7.18
184,Kishi,NG,3/2/21 22:56,9.0833,3.85,79.09,18,43,2.93
185,Arraial Do Cabo,BR,3/2/21 22:56,-22.9661,-42.0278,77.52,84,84,23.04
186,Andros Town,BS,3/2/21 22:56,24.7,-77.7667,78.8,61,0,10.36
187,Melilla,ES,3/2/21 22:56,35.2937,-2.9383,59,88,90,2.3
188,Montepuez,MZ,3/2/21 22:56,-13.1256,38.9997,69.96,94,100,2.1
189,Padang,ID,3/2/21 22:53,-0.9492,100.3543,73.4,94,40,3.44
190,Fare,PF,3/2/21 22:56,-16.7,-151.0167,82.83,73,69,3.69
191,Bubaque,GW,3/2/21 22:56,11.2833,-15.8333,78.37,63,25,12.66
192,Leningradskiy,RU,3/2/21 22:56,69.3833,178.4167,-20.51,84,85,6.51
193,Rehoboth,NA,3/2/21 22:56,-23.3167,17.0833,75.36,43,37,8.28
194,Ambanja,MG,3/2/21 22:56,-13.6833,48.45,75.15,84,64,3.62
195,Orlik,RU,3/2/21 22:56,52.5178,99.825,2.7,85,69,3.04
196,Borgarnes,IS,3/2/21 22:56,64.5383,-21.9206,37.99,91,100,8.01
197,Lobva,RU,3/2/21 22:56,59.1854,60.5185,10.45,94,94,8.37
198,Soc Trang,VN,3/2/21 22:56,9.6033,105.98,77,94,20,9.22
199,Tanabe,JP,3/2/21 22:56,33.7333,135.3667,39.2,60,20,13.8
200,Livingston,GB,3/2/21 22:56,55.9029,-3.5226,35.6,93,90,3.44
201,Half Moon Bay,US,3/2/21 22:53,37.4636,-122.4286,64.4,67,1,6.91
202,Matara,LK,3/2/21 22:56,5.9485,80.5353,72.63,80,17,11.01
203,Ivanteyevka,RU,3/2/21 22:56,55.9711,37.9208,33.8,64,40,15.66
204,Berlevag,NO,3/2/21 22:53,70.8578,29.0864,30.2,59,75,18.41
205,Bonfim,BR,3/2/21 22:56,3.0833,-59.95,83.41,41,58,6.13
206,Egvekinot,RU,3/2/21 22:56,66.3167,-179.1667,-14.46,84,1,8.12
207,Geraldton,AU,3/2/21 22:56,-28.7667,114.6,71.6,78,75,9.22
208,Wattegama,LK,3/2/21 22:56,6.7989,81.4808,71.6,94,20,2.3
209,Isangel,VU,3/2/21 22:56,-19.55,169.2667,86,70,20,3.44
210,Port Elizabeth,ZA,3/2/21 22:56,-33.918,25.5701,69.8,88,0,2.3
211,Esperance,AU,3/2/21 22:53,-33.8667,121.9,64.4,82,90,10.36
212,Sao Miguel Do Araguaia,BR,3/2/21 22:56,-13.275,-50.1628,72.34,97,100,1.63
213,Tautira,PF,3/2/21 22:56,-17.7333,-149.15,89.6,66,75,9.22
214,Olavarria,AR,3/2/21 22:56,-36.8927,-60.3225,82,50,63,3
215,Maniitsoq,GL,3/2/21 22:56,65.4167,-52.9,25.02,79,100,10.47
216,Bandarbeyla,SO,3/2/21 22:56,9.4942,50.8122,77.56,73,64,15.3
217,Manzanillo,CU,3/2/21 22:56,20.3433,-77.1167,81.19,59,6,6.49
218,West Wendover,US,3/2/21 22:55,40.7391,-114.0733,46.4,27,1,5.75
219,Ilulissat,GL,3/2/21 22:56,69.2167,-51.1,26.6,43,20,17.27
220,Tual,ID,3/2/21 22:56,-5.6667,132.75,82.67,77,100,15.5
221,Anadyr,RU,3/2/21 22:52,64.75,177.4833,-18,69,0,11.18
222,Kutum,SD,3/2/21 22:54,14.2,24.6667,57.36,30,0,9.93
223,Rafai,CF,3/2/21 22:56,4.95,23.9167,75.15,25,71,4.72
224,Kangaatsiaq,GL,3/2/21 22:53,68.3065,-53.4641,17.56,84,100,6.2
225,Innisfail,AU,3/2/21 22:56,-17.5333,146.0333,75.58,92,100,8.99
226,Araceli,PH,3/2/21 22:56,10.5529,119.9913,81.25,75,87,17.45
227,Bambous Virieux,MU,3/2/21 22:55,-20.3428,57.7575,78.8,83,75,5.75
228,Ankang,CN,3/2/21 22:56,32.68,109.0172,48.99,26,95,10
229,Shillong,IN,3/2/21 22:56,25.5689,91.8831,60.8,63,40,2.04
230,Sao Jose Da Coroa Grande,BR,3/2/21 22:56,-8.8978,-35.1478,78.55,83,18,10.2
231,Njombe,TZ,3/2/21 22:56,-9.3333,34.7667,56.17,95,100,2.1
232,Oromocto,CA,3/2/21 22:53,45.8351,-66.4792,14,57,75,23.02
233,Kagal,IN,3/2/21 22:56,16.5833,74.3167,72.81,36,0,4.88
234,Christchurch,NZ,3/2/21 22:53,-43.5333,172.6333,77,38,44,11.5
235,Shingu,JP,3/2/21 22:56,33.7333,135.9833,39.2,60,20,13.8
236,Yumbe,UG,3/2/21 22:56,3.4651,31.2469,77.34,32,97,1.66
237,Illapel,CL,3/2/21 22:56,-31.6308,-71.1653,73.72,57,76,4.7
238,Yangjiang,CN,3/2/21 22:53,21.85,111.9667,65.68,80,99,12.95
239,Lysva,RU,3/2/21 22:56,58.1086,57.8053,18.54,96,100,7.78
240,Dawlatabad,AF,3/2/21 22:57,36.4141,64.9053,52.61,50,90,3.49
241,Linares,CL,3/2/21 22:57,-35.85,-71.6,80.98,43,0,6.76
242,Klaksvik,FO,3/2/21 22:52,62.2266,-6.589,42.8,93,90,2.3
243,Nanortalik,GL,3/2/21 22:57,60.1432,-45.2371,26.1,83,1,12.15
244,Ucluelet,CA,3/2/21 22:57,48.9329,-125.5528,45,81,90,10.36
245,Dali,CN,3/2/21 22:57,25.7,100.1833,43.97,81,2,3.29
246,Nusaybin,TR,3/2/21 22:55,37.0778,41.2178,48.36,66,0,6.4
247,Ducheng,CN,3/2/21 22:57,23.2373,111.5317,62.04,68,98,4.36
248,Streator,US,3/2/21 22:57,41.1209,-88.8354,46.4,57,1,11.5
249,Mareeba,AU,3/2/21 22:57,-17,145.4333,80.6,74,90,19.57
250,Palmer,US,3/2/21 22:57,42.1584,-72.3287,26.6,26,1,21.85
251,Tiksi,RU,3/2/21 22:57,71.6872,128.8694,-32.58,85,100,3.24
252,Arman,RU,3/2/21 22:57,59.7,150.1667,-0.78,90,100,3.31
253,Saint-Augustin,CA,3/2/21 22:52,51.226,-58.6502,19.17,96,100,10.58
254,San Luis,AR,3/2/21 22:53,-33.295,-66.3356,69.8,88,75,6.91
255,Belen,TR,3/2/21 22:57,36.4891,36.2233,48.2,100,75,4.61
256,Walvis Bay,NA,3/2/21 22:57,-22.9575,14.5053,69.01,86,0,3
257,Hasaki,JP,3/2/21 22:57,35.7333,140.8333,39.99,56,20,14.97
258,Cheremukhovo,RU,3/2/21 22:57,60.3484,59.9851,4.95,93,94,2.64
259,Abnub,EG,3/2/21 22:57,27.2696,31.1511,51.8,71,0,6.91
260,Airai,TL,3/2/21 22:52,-8.9266,125.4092,63.36,97,90,1.14
261,Kizhinga,RU,3/2/21 22:57,51.8462,109.9097,3.92,93,96,2.04
262,Faanui,PF,3/2/21 22:57,-16.4833,-151.75,82.47,77,48,11.05
263,Petropavlovka,RU,3/2/21 22:57,50.6114,105.3196,10.45,87,10,4.23
264,Izumo,JP,3/2/21 22:57,35.3667,132.7667,39.2,60,75,12.66
265,Mogoytuy,RU,3/2/21 22:57,51.2833,114.9167,-6.97,91,65,0.16
266,Palmas,BR,3/2/21 22:57,-10.2128,-48.3603,77,94,20,4.61
267,Santa Maria,BR,3/2/21 22:57,-29.6842,-53.8069,78.8,83,20,1.14
268,Saint-Francois,FR,3/2/21 22:57,46.4154,3.9054,46,75,0,2.3
269,Sobolevo,RU,3/2/21 22:57,54.4299,31.8996,32.29,93,66,12.48
270,Lahaina,US,3/2/21 22:57,20.8783,-156.6825,78.8,60,40,20.71
271,Lovington,US,3/2/21 22:57,32.944,-103.3485,59,15,0,5.01
272,Baruun-Urt,MN,3/2/21 22:54,46.6806,113.2792,13.66,92,65,11.32
273,Auka,HN,3/2/21 22:57,14.9333,-83.8333,84.2,79,20,11.5
274,Mungwi,ZM,3/2/21 22:57,-10.1732,31.3694,63.43,98,100,2.59
275,Ambon,ID,3/2/21 22:57,-3.6954,128.1814,80.6,74,40,3.44
276,Vardo,NO,3/2/21 22:57,70.3705,31.1107,26.6,73,20,9.22
277,Kunya,NG,3/2/21 22:57,12.2233,8.5325,69.8,35,55,3.44
278,Ostroleka,PL,3/2/21 22:57,53.0862,21.5757,36,79,0,1.99
279,Haines Junction,CA,3/2/21 22:57,60.7522,-137.5108,35.6,30,100,3.44
280,Russell,US,3/2/21 22:53,32.3502,-85.1999,46.4,87,90,3.44
281,Nokaneng,BW,3/2/21 22:57,-19.6667,22.2667,64.72,88,49,5.73
282,Tungor,RU,3/2/21 22:57,53.3808,142.9564,-11.43,82,14,9.24
283,Shihezi,CN,3/2/21 22:57,44.3,86.0333,17.08,78,14,2.8
284,Yambio,SS,3/2/21 22:54,4.5721,28.3955,72.63,27,100,2.82
285,Emba,KZ,3/2/21 22:57,48.8264,58.1442,18.61,98,96,13.89
286,Naze,JP,3/2/21 22:57,28.3667,129.4833,60.8,67,75,20.71
287,Aripuana,BR,3/2/21 22:52,-9.1667,-60.6333,72.25,98,95,2.48
288,Pevek,RU,3/2/21 22:52,69.7008,170.3133,-27.15,85,11,4.07
289,Mahanoro,MG,3/2/21 22:57,-19.9,48.8,75.63,82,54,4.52
290,Puerto Escondido,MX,3/2/21 22:57,15.85,-97.0667,82.4,69,40,11.5
291,Ligayan,PH,3/2/21 22:57,4.6533,119.4706,82.11,80,99,11.83
292,Maceio,BR,3/2/21 22:56,-9.6658,-35.7353,77,88,75,11.5
293,Rudnogorsk,RU,3/2/21 22:57,57.2639,103.7519,-26,98,95,3
294,Xiamen,CN,3/2/21 22:57,24.4798,118.0819,57.2,58,20,13.42
295,Balad,IQ,3/2/21 22:57,34.0164,44.1453,58.96,38,0,3.24
296,Dalbandin,PK,3/2/21 22:57,28.8947,64.4101,61.02,31,15,4.99
297,Sampit,ID,3/2/21 22:52,-2.5333,112.95,74.23,97,100,4.16
298,Mirnyy,RU,3/2/21 22:57,62.5353,113.9611,-36.87,83,78,3.09
299,Cap Malheureux,MU,3/2/21 22:57,-19.9842,57.6142,75.99,84,4,16.69
300,Meulaboh,ID,3/2/21 22:57,4.1363,96.1285,76.23,86,59,4.41
301,Hirara,JP,3/2/21 22:55,24.8,125.2833,66.2,63,75,10.36
302,Coffs Harbour,AU,3/2/21 22:57,-30.3,153.1333,71.6,83,90,5.75
303,Kathmandu,NP,3/2/21 22:54,27.7167,85.3167,48.2,76,20,2.39
304,Valparaiso,CL,3/2/21 22:57,-33.0393,-71.6273,64.4,77,40,6.91
305,Biltine,TD,3/2/21 22:57,14.5333,20.9167,73.27,18,0,17.92
306,Karratha,AU,3/2/21 22:57,-20.7377,116.8463,80.98,78,43,4.94
307,Touros,BR,3/2/21 22:57,-5.1989,-35.4608,78.8,83,40,4.61
308,Dzilam Gonzalez,MX,3/2/21 22:57,21.2833,-88.9333,81.88,60,23,7.65
309,Miri,MY,3/2/21 22:57,4.4148,114.0089,75.2,100,40,5.82
310,Saint-Joseph,RE,3/2/21 22:57,-21.3667,55.6167,77,69,0,4.61
311,Dudinka,RU,3/2/21 22:57,69.4058,86.1778,-26.37,76,0,8.57
312,Badnawar,IN,3/2/21 22:57,23.0167,75.2167,63.12,22,0,3.65
313,Dennery,LC,3/2/21 22:57,13.8996,-60.8879,78.8,73,40,6.91
314,Summerside,CA,3/2/21 22:57,46.3959,-63.7876,8.6,78,100,23.02
315,Huanren,CN,3/2/21 22:57,41.2647,125.3667,22.82,88,53,6.87
316,Sola,VU,3/2/21 22:57,-13.8833,167.55,81.91,84,100,21.05
317,Pringsewu,ID,3/2/21 22:57,-5.3582,104.9744,72.79,93,98,1.03
318,Lompoc,US,3/2/21 22:52,34.6391,-120.4579,64.4,52,1,11.5
319,Luanda,AO,3/2/21 22:55,-8.8368,13.2343,80.6,78,40,4.61
320,Dakar,SN,3/2/21 22:56,14.6937,-17.4441,68,73,0,9.22
321,Akdepe,TM,3/2/21 22:57,42.0551,59.3788,32,86,90,5.84
322,Najran,SA,3/2/21 22:57,17.4924,44.1277,71.6,26,0,11.5
323,Yulara,AU,3/2/21 22:57,-25.2406,130.9889,77,44,0,10.36
324,Hualmay,PE,3/2/21 22:57,-11.0964,-77.6139,75.22,69,98,6.06
325,Bintulu,MY,3/2/21 22:57,3.1667,113.0333,75.2,100,20,4.36
326,Sao Filipe,CV,3/2/21 22:57,14.8961,-24.4956,69.58,79,89,9.44
327,Arenapolis,BR,3/2/21 22:57,-14.4503,-56.8461,74.8,92,99,6.62
328,Khandyga,RU,3/2/21 22:57,62.6667,135.6,-19.41,88,100,1.07
329,Munster,DE,3/2/21 22:53,51.9624,7.6257,48,87,0,1.14
330,Brooks,CA,3/2/21 22:57,50.5834,-111.8851,51.8,30,4,4.61
331,Dukat,RU,3/2/21 22:57,62.55,155.55,-17.81,87,76,3.6
332,La Ronge,CA,3/2/21 22:57,55.1001,-105.2842,14,79,98,6.91
333,Barcelos,PT,3/2/21 22:57,41.5388,-8.6151,53.01,93,20,3.13
334,Sohag,EG,3/2/21 22:57,26.557,31.6948,59,47,0,11.5
335,Serik,TR,3/2/21 22:55,36.9169,31.0989,51.8,46,75,8.05
336,Fairbanks,US,3/2/21 22:55,64.8378,-147.7164,12,72,90,2.73
337,Jalu,LY,3/2/21 22:57,29.0331,21.5482,58.91,44,0,8.57
338,Sitka,US,3/2/21 22:57,57.0531,-135.33,35.6,87,90,8.05
339,Manisa,TR,3/2/21 22:57,38.8333,28.1667,32.67,95,52,6.67
340,Nizhnyaya Omka,RU,3/2/21 22:57,55.4338,74.9426,-4.7,98,73,6.29
341,Capreol,CA,3/2/21 22:57,46.706,-80.9225,26.01,79,90,23.02
342,Kamina,CD,3/2/21 22:57,-8.7386,24.9906,66.06,94,100,1.9
343,Teya,RU,3/2/21 22:57,60.3778,92.6267,-26.34,98,8,1.97
344,Uyovu,TZ,3/2/21 22:57,-3.2833,31.5258,64.51,96,75,3.56
345,Santo Antonio Do Ica,BR,3/2/21 22:57,-3.1022,-67.9397,75.22,95,82,2.42
346,Praia,CV,3/2/21 22:57,14.9215,-23.5087,69.8,73,0,14.97
347,Kaspiyskiy,RU,3/2/21 22:57,45.3929,47.3707,37.09,80,96,16.91
348,Mosina,PL,3/2/21 22:57,52.2454,16.8471,34,100,0,2.3
349,Rawson,AR,3/2/21 22:55,-43.3002,-65.1023,59.49,74,39,17.69
350,Havelock,US,3/2/21 22:57,34.8791,-76.9013,45,70,100,1.99
351,Steinheim,DE,3/2/21 22:57,51.8707,9.0914,44.01,71,0,5.28
352,Jiayuguan,CN,3/2/21 22:57,39.8167,98.3,27.57,43,0,1.19
353,Bud,US,3/2/21 22:57,39.447,-86.1758,43,33,1,4.61
354,Nam Som,TH,3/2/21 22:57,17.7704,102.1895,73.4,88,75,4.05
355,Sibu,MY,3/2/21 22:57,2.3,111.8167,75.2,94,40,2.3
356,Aykhal,RU,3/2/21 22:57,66,111.5,-40.47,100,56,3.74
357,Ossora,RU,3/2/21 22:57,59.2353,163.0719,0.23,81,93,3.02
358,Bilibino,RU,3/2/21 22:57,68.0546,166.4372,-16.35,82,17,2.68
359,Salalah,OM,3/2/21 22:57,17.0151,54.0924,75.2,78,20,3.44
360,Doaba,PK,3/2/21 22:57,33.4244,70.7364,52.43,31,0,2.66
361,Moyo,UG,3/2/21 22:57,3.6609,31.7247,74.07,34,78,1.16
362,Cidreira,BR,3/2/21 22:57,-30.1811,-50.2056,76.32,84,67,8.32
363,Neiafu,TO,3/2/21 22:57,-18.65,-173.9833,80.6,89,75,8.05
364,Barra,BR,3/2/21 22:57,-11.0894,-43.1417,79.34,59,76,3.09
365,Pitimbu,BR,3/2/21 22:57,-7.4706,-34.8086,77,94,20,6.91
366,Gandajika,CD,3/2/21 22:57,-6.75,23.95,69.96,96,100,2.93
367,Qaqortoq,GL,3/2/21 22:57,60.7167,-46.0333,39.2,30,75,42.57
368,Zyryanka,RU,3/2/21 22:57,65.75,150.85,-26.16,84,100,0.92
369,Tiznit,MA,3/2/21 22:57,29.5833,-9.5,56.5,71,0,3.36
370,Hovd,MN,3/2/21 22:57,48.0056,91.6419,23.49,80,47,9.71
371,Solnechnyy,RU,3/2/21 22:57,50.7214,136.6319,-2.74,84,15,3.67
372,Kalmar,SE,3/2/21 22:57,56.6616,16.3616,37,100,2,4.61
373,Marietta,US,3/2/21 22:54,33.9526,-84.5499,46.99,49,90,11.5
374,Berdigestyakh,RU,3/2/21 22:57,62.0989,126.6992,-34.22,82,78,1.48
375,Comodoro Rivadavia,AR,3/2/21 22:53,-45.8667,-67.5,53.6,94,75,1.14
376,Ust-Nera,RU,3/2/21 22:54,64.5667,143.2,-16.51,98,100,4.61
377,Tuatapere,NZ,3/2/21 22:57,-46.1333,167.6833,71.01,53,37,11.01
378,Waddan,LY,3/2/21 22:57,29.1614,16.139,54.72,63,0,11.59
379,Fuerte,PH,3/2/21 22:57,17.5381,120.3644,77.95,72,0,6.46
380,Lazaro Cardenas,MX,3/2/21 22:56,17.9583,-102.2,80.62,61,2,6.04
381,Killybegs,IE,3/2/21 22:57,54.6333,-8.45,41.92,89,6,4.32
382,Hambantota,LK,3/2/21 22:54,6.1241,81.1185,71.6,94,20,2.3
383,Ponta Delgada,PT,3/2/21 22:54,37.7333,-25.6667,59,88,20,20.71
384,Sistranda,NO,3/2/21 22:57,63.7256,8.834,41,100,75,11.5
385,Aklavik,CA,3/2/21 22:57,68.2191,-135.0107,-14.8,70,100,3.44
386,Arlit,NE,3/2/21 22:57,18.7369,7.3853,74.34,17,42,8.9
387,Pangnirtung,CA,3/2/21 22:57,66.1451,-65.7125,17.6,86,90,25.32
388,Hamilton,US,3/2/21 22:57,39.1834,-84.5333,45,26,1,4.61
389,Akyab,MM,3/2/21 22:57,20.15,92.9,68.94,92,3,5.44
390,Brigantine,US,3/2/21 22:57,39.4101,-74.3646,37.4,32,0,11.5
391,Deputatskiy,RU,3/2/21 22:57,69.3,139.9,-35.41,85,98,1.25
392,Stonewall,CA,3/2/21 22:57,50.1344,-97.3268,33.8,69,75,14.97
393,Nome,US,3/2/21 22:57,64.5011,-165.4064,1.4,60,1,4.61
394,Vostok,RU,3/2/21 22:57,46.4856,135.8833,-4.81,87,0,3.69
395,Faya,SA,3/2/21 22:57,18.3851,42.4509,59,36,0,1.57
396,Mathathane,BW,3/2/21 22:57,-22.2687,28.7495,69.93,68,0,6.31
397,Erzin,TR,3/2/21 22:57,36.9559,36.2,53.01,81,46,7
398,Kashan,IR,3/2/21 22:57,33.9831,51.4364,51.51,54,0,1.21
399,Kavaratti,IN,3/2/21 22:57,10.5669,72.642,81.57,74,0,9.89
400,Port Lincoln,AU,3/2/21 22:57,-34.7333,135.8667,62.19,75,38,16.58
401,Luena,AO,3/2/21 22:57,-11.7833,19.9167,60.71,88,93,4.36
402,Jesup,US,3/2/21 22:57,31.6074,-81.8854,46.4,87,90,7.54
403,Alihe,CN,3/2/21 22:57,50.5667,123.7167,-2.63,90,98,1.3
404,Calabozo,VE,3/2/21 22:57,8.9242,-67.4293,85.44,25,93,7.18
405,Klyuchi,RU,3/2/21 22:57,52.2667,79.1667,9.05,96,86,4.56
406,Saint George,US,3/2/21 22:55,37.1041,-113.5841,64.4,9,1,5.75
407,Bogande,BF,3/2/21 22:57,12.9714,-0.1436,81.18,16,28,7.76
408,Vao,NC,3/2/21 22:57,-22.6667,167.4833,77.34,76,83,15.08
409,Marataizes,BR,3/2/21 22:57,-21.0433,-40.8244,76.08,88,45,11.72
410,Belaya Gora,RU,3/2/21 22:57,68.5333,146.4167,-35.59,83,87,3.24
411,Mount Gambier,AU,3/2/21 22:57,-37.8333,140.7667,57.2,67,90,5.75
412,Thinadhoo,MV,3/2/21 22:57,0.5333,72.9333,81.63,73,11,12.3
413,Alice Springs,AU,3/2/21 22:55,-23.7,133.8833,87.8,29,9,6.91
414,Sol-Iletsk,RU,3/2/21 22:54,51.1631,54.9918,24.91,98,100,19.53
415,Baoding,CN,3/2/21 22:57,38.8511,115.4903,35.89,84,1,1.74
416,Richards Bay,ZA,3/2/21 22:53,-28.783,32.0377,69.76,92,8,5.75
417,Lewiston,US,3/2/21 22:56,44.1003,-70.2148,17.6,38,1,17.27
418,Santa Rosa,PH,3/2/21 22:57,14.3122,121.1114,81,83,20,4.61
419,Karachev,RU,3/2/21 22:57,53.1229,34.9852,30.67,97,97,11.14
420,Evensk,RU,3/2/21 22:54,61.95,159.2333,-2.47,91,90,5.1
421,Puri,IN,3/2/21 22:57,19.8,85.85,71.6,94,16,10.96
422,Khulna,BD,3/2/21 22:57,22.8135,89.5672,66.49,90,0,5.44
423,Kaniama,CD,3/2/21 22:57,-7.5667,24.1833,69.17,94,100,2.06
424,Gusau,NG,3/2/21 22:57,12.1628,6.6614,76.78,18,12,9.48
425,Middle Island,US,3/2/21 22:57,40.8843,-72.9373,30.99,29,1,17.27
426,Turbat,PK,3/2/21 22:57,26.0023,63.044,61.07,67,0,0.63
427,Hobyo,SO,3/2/21 22:57,5.3505,48.5268,79.02,78,78,17.02
428,Luza,RU,3/2/21 22:57,60.6308,47.2512,23.04,91,100,11.54
429,Chernyshevskiy,RU,3/2/21 22:57,63.0128,112.4714,-40.54,97,60,3.02
430,Malacacheta,BR,3/2/21 22:53,-17.8422,-42.0767,64.96,94,45,3
431,Kidal,ML,3/2/21 22:57,18.4411,1.4078,75.76,22,59,2.82
432,Broome,US,3/2/21 22:57,42.2506,-75.833,21.99,45,1,3.44
433,Arroyo,ES,3/2/21 22:57,41.6096,-4.7969,48,87,20,4.54
434,Boca Do Acre,BR,3/2/21 22:57,-8.7522,-67.3978,74.98,94,99,2.59
435,Jos,NG,3/2/21 22:57,9.9167,8.9,68.22,25,91,5.41
436,Cortez,US,3/2/21 22:57,37.3489,-108.5859,53.6,17,1,5.75
437,Wanning,CN,3/2/21 22:57,18.8003,110.3967,70.84,89,94,5.28
438,Los Llanos De Aridane,ES,3/2/21 22:58,28.6585,-17.9182,66.2,72,75,5.75
439,La Grande,US,3/2/21 22:58,45.3246,-118.0877,51.8,30,1,5.75
440,Ostrovnoy,RU,3/2/21 22:58,68.0531,39.5131,27.21,93,100,27.04
441,Bama,NG,3/2/21 22:58,11.5221,13.6856,74.68,28,17,9.13
442,Hay River,CA,3/2/21 22:58,60.8156,-115.7999,15.8,67,100,8.05
443,Mitsamiouli,KM,3/2/21 22:58,-11.3847,43.2844,82.09,81,78,8.03
444,Sorland,NO,3/2/21 22:58,67.667,12.6934,38.8,75,100,29.44
445,Te Anau,NZ,3/2/21 22:58,-45.4167,167.7167,63.66,59,34,9.46
446,Loukhi,RU,3/2/21 22:58,66.0764,33.0381,20.73,97,26,7.58
447,Manacapuru,BR,3/2/21 22:58,-3.2997,-60.6206,73.4,100,75,3.44
448,Shimoda,JP,3/2/21 22:58,34.6667,138.95,44.01,64,78,1.99
449,San Rafael,AR,3/2/21 22:58,-34.6177,-68.3301,85.21,27,19,12.91
450,Iqaluit,CA,3/2/21 22:57,63.7506,-68.5145,-7.01,71,90,21.85
451,Zhigansk,RU,3/2/21 22:58,66.7697,123.3711,-33.72,83,17,9.86
452,Bria,CF,3/2/21 22:58,6.5423,21.9863,76.15,20,95,5.5
453,Sibolga,ID,3/2/21 22:58,1.7427,98.7792,75.18,84,92,3.76
454,Taksimo,RU,3/2/21 22:58,56.3444,114.8794,-19.41,97,98,0.31
455,Beloha,MG,3/2/21 22:54,-25.1667,45.05,73.35,91,100,8.7
456,Olafsvik,IS,3/2/21 22:57,64.8945,-23.7142,38.17,89,100,19.48
457,Babstovo,RU,3/2/21 22:58,48.1167,132.4833,0.14,79,48,5.77
458,Turukhansk,RU,3/2/21 22:54,65.8167,87.9833,-28.59,76,0,11.45
459,Staunton,US,3/2/21 22:57,38.1496,-79.0717,44.6,26,1,6.91
460,Ronne,DK,3/2/21 22:58,55.1009,14.7066,33.8,100,90,8.05
461,Ambilobe,MG,3/2/21 22:58,-13.2,49.05,73.98,90,90,2.44
462,Lagoa,PT,3/2/21 22:58,39.05,-27.9833,56.5,69,66,32.23
463,Sisimiut,GL,3/2/21 22:58,66.9395,-53.6735,22.15,48,100,12.55
464,Manta,EC,3/2/21 22:56,-0.95,-80.7333,77,94,75,3.44
465,Pizarro,CO,3/2/21 22:58,4.9533,-77.366,77.38,85,100,2.44
466,Souillac,MU,3/2/21 22:58,-20.5167,57.5167,78.8,83,75,5.75
467,Waipawa,NZ,3/2/21 22:58,-41.4122,175.5153,70,77,75,24.16
468,Aracaju,BR,3/2/21 22:58,-10.9111,-37.0717,78.8,78,20,8.05
469,Tynda,RU,3/2/21 22:58,55.1667,124.7167,-17.82,98,100,3.4
470,Tigil,RU,3/2/21 22:53,57.8,158.6667,10.65,92,99,10.51
471,Davila,PH,3/2/21 22:58,18.4726,120.5763,78.8,78,20,8.05
472,Prince Rupert,CA,3/2/21 22:58,54.3161,-130.3201,41,75,75,5.75
473,Grindavik,IS,3/2/21 22:58,63.8424,-22.4338,41,100,90,8.05
474,Kalavad,IN,3/2/21 22:58,22.2167,70.3833,65.8,30,0,8.08
475,Pochutla,MX,3/2/21 22:58,15.7432,-96.4661,86,62,40,11.5
476,Cabra,ES,3/2/21 22:58,37.4725,-4.4421,55.99,73,71,3.44
477,Timra,SE,3/2/21 22:58,62.487,17.3257,28.4,86,90,3.44
478,Konya,TR,3/2/21 22:58,38.1667,32.5,32,93,90,11.5
479,Shablykino,RU,3/2/21 22:58,52.8566,35.1964,30.45,97,99,12.35
480,Waingapu,ID,3/2/21 22:58,-9.6567,120.2641,78.49,77,94,4.29
481,San Quintin,MX,3/2/21 22:58,30.4833,-115.95,67.35,26,0,8.03
482,Bloomfield,US,3/2/21 22:58,40.8068,-74.1854,33.8,23,1,9.22
483,North Bend,US,3/2/21 22:58,43.4065,-124.2243,57.99,71,1,17.27
484,Barahona,DO,3/2/21 22:58,18.2085,-71.1008,76.21,72,0,9.69
485,Banjar,ID,3/2/21 22:58,-8.19,114.9675,77,88,74,1.14
486,Sovetskiy,RU,3/2/21 22:54,61.3614,63.5842,11.48,94,100,7.56
487,Breznik,BG,3/2/21 22:58,42.7414,22.8981,39,69,0,10.36
488,Manakara,MG,3/2/21 22:58,-22.1333,48.0167,73.98,89,83,4.47
489,Sacama,EC,3/2/21 22:58,-3.9,-79.2667,52.83,100,95,2.04
490,Toyooka,JP,3/2/21 22:58,35.5333,134.8333,39.2,52,75,17.27
491,Nouakchott,MR,3/2/21 22:55,18.0858,-15.9785,77,14,14,12.66
492,Babu,CN,3/2/21 22:58,24.4167,111.5167,53.94,74,99,3.56
493,Gull Lake,CA,3/2/21 22:58,50.1001,-108.4847,39.2,65,20,9.22
494,Buenaventura,CO,3/2/21 22:58,3.8801,-77.0312,77.86,83,91,3.29
495,Camacha,PT,3/2/21 22:53,33.0833,-16.3333,57.2,72,20,3.44
496,Halmstad,SE,3/2/21 22:58,56.6745,12.8568,39,93,90,3.44
497,Biak,ID,3/2/21 22:58,-0.9131,122.8766,77.7,80,100,2.86
498,Portmore,JM,3/2/21 22:58,17.9702,-76.8672,80.6,74,40,20.71
499,Grande-Synthe,FR,3/2/21 22:58,51.0154,2.2998,48,93,16,1.14
500,Palauig,PH,3/2/21 22:58,15.435,119.9045,79.03,74,0,3.89
501,Barranca,PE,3/2/21 22:54,-10.75,-77.7667,74.23,72,98,5.32
502,Kaifeng,CN,3/2/21 22:53,34.7911,114.3483,41,87,100,2.24
503,Coihaique,CL,3/2/21 22:58,-45.5752,-72.0662,66.2,52,0,8.05
504,Ayan,RU,3/2/21 22:54,56.45,138.1667,-15.38,70,52,8.79
505,Port Blair,IN,3/2/21 22:58,11.6667,92.75,76.08,68,0,6.71
506,Olstykke,DK,3/2/21 22:58,55.7957,12.1551,34,98,0,4.43
507,Lichuan,CN,3/2/21 22:58,30.3,108.85,35.2,91,94,1.57
508,Hailey,US,3/2/21 22:58,43.5196,-114.3153,39.2,56,1,10.36
509,Ilave,PE,3/2/21 22:58,-16.0833,-69.6667,46.89,78,28,6.02
510,Itarema,BR,3/2/21 22:58,-2.9248,-39.9167,78.57,84,65,12.3
511,Tignere,CM,3/2/21 22:58,7.3667,12.65,70.23,23,1,1.95
512,Port Said,EG,3/2/21 22:58,31.2565,32.2841,57.2,72,40,13.8
513,Smirnykh,RU,3/2/21 22:58,49.75,142.8333,-1.73,77,0,4.56
514,Northam,GB,3/2/21 22:58,51.0333,-4.2167,44.01,90,53,5.01
515,Hornepayne,CA,3/2/21 22:58,49.2138,-84.7705,28.42,98,100,13.51
516,Natal,BR,3/2/21 22:53,-5.795,-35.2094,80.6,78,20,6.91
517,Kamaishi,JP,3/2/21 22:58,39.2667,141.8833,33.8,51,40,12.66
518,Loikaw,MM,3/2/21 22:58,19.6742,97.2094,61.05,32,0,2.64
519,Marsala,IT,3/2/21 22:58,37.7966,12.4352,51.8,100,20,4.61
520,Termoli,IT,3/2/21 22:58,41.9888,14.9895,41,88,0,5.21
521,Banda Aceh,ID,3/2/21 22:58,5.5577,95.3222,77.97,78,3,4.99
522,Kenai,US,3/2/21 22:58,60.5544,-151.2583,19.4,73,40,10.36
523,Benguela,AO,3/2/21 22:58,-12.5763,13.4055,75.54,77,21,3.11
524,Homer,US,3/2/21 22:58,59.6425,-151.5483,27,80,1,12.66
525,Hauterive,FR,3/2/21 22:58,46.0901,3.4459,50,27,0,3.44
526,Phalombe,MW,3/2/21 22:58,-15.8064,35.6507,66.11,94,45,2.62
527,Basoda,IN,3/2/21 22:58,23.85,77.9333,63.28,26,0,3.78
528,Lata,PT,3/2/21 22:58,40.1629,-8.3327,55,85,37,2.1
529,Raymondville,US,3/2/21 22:53,26.4815,-97.7831,68,36,90,13.8
530,Okhotsk,RU,3/2/21 22:58,59.3833,143.3,-6.47,89,100,6.15
531,Suoyarvi,RU,3/2/21 22:58,62.0833,32.35,24.39,92,6,8.63
532,Bulembu,SZ,3/2/21 22:58,-25.9667,31.1333,70,94,38,5.75
533,Bitung,ID,3/2/21 22:58,1.4451,125.1824,75.2,94,20,2.3
534,Princeton,US,3/2/21 22:58,25.5384,-80.4089,80.6,65,75,6.91